{"cameraMode":{"drawMode":0,"name":"Shaded","section":"Shading Mode"},"sceneLighting":true,"audioPlay":false,"sceneViewState":{"m_AlwaysRefresh":false,"showFog":true,"showSkybox":true,"showFlares":true,"showImageEffects":true,"showParticleSystems":true,"showVisualEffectGraphs":true,"m_FxEnabled":true},"in2DMode":false,"pivot":{"x":0.7800898551940918,"y":1.9859530925750733,"z":1.0669796466827393},"rotation":{"x":0.3309597969055176,"y":0.42890504002571108,"z":-0.17255446314811707,"w":0.8226401805877686},"size":3.1341803073883058,"orthographic":true}